"manufacturer","model","category","modes_json","weight_kg","dimensions_length_mm","dimensions_width_mm","dimensions_height_mm","brightness_value","brightness_unit","power_voltage_range","power_avg_w","power_max_w","power_avg_a","power_max_a","connectivity_data_in","connectivity_data_out","connectivity_power_in","connectivity_power_out","sources_json","notes"
"Ayrton","Diablo-S","Wash","[{""name"":""Standard"",""channels"":36},{""name"":""Basic"",""channels"":34},{""name"":""Extended"",""channels"":56}]",21.8,364.9,591.6,210.6,17500,"lm","","",550,"","","DMX 5-pin","","","","[{""type"":""datasheet"",""ref"":""https://www.ayrton.eu/produit/diablo/""},{""type"":""manual"",""ref"":""https://www.ayrton.eu/wp-content/uploads/2018/12/Diablo-V1.pdf""}]",""
"Ayrton","Diablo-TC","Wash","[{""name"":""Standard"",""channels"":36},{""name"":""Basic"",""channels"":34},{""name"":""Extended"",""channels"":56}]",21.8,364.9,591.6,210.6,14000,"lm","","",550,"","","DMX 5-pin","","","","[{""type"":""datasheet"",""ref"":""https://www.ayrton.eu/produit/diablo/""},{""type"":""manual"",""ref"":""https://www.ayrton.eu/wp-content/uploads/2018/12/Diablo-V1.pdf""}]",""
"Ayrton","MagicBlade FX","Pixel Bar","[{""name"":""Standard"",""channels"":22},{""name"":""Basic"",""channels"":19},{""name"":""Extended"",""channels"":19}]",13,612,312,191,3800,"lm","","",400,"","","DMX 5-pin","","","","[{""type"":""datasheet"",""ref"":""""},{""type"":""manual"",""ref"":""https://www.ayrton.eu/wp-content/uploads/2015/10/MAGICBLADE-FX-Preliminary-Manual.pdf""}]",""
"Martin","Atomic 3000","Strobe","[{""name"":""1-channel"",""channels"":1},{""name"":""3-channel"",""channels"":3},{""name"":""4-channel"",""channels"":4}]",7.5,450,239,234,"","","","",3000,"","","DMX 3-pin; DMX 5-pin","","","","[{""type"":""datasheet"",""ref"":""""},{""type"":""manual"",""ref"":""https://www.martin.com/files/files/productdocuments/11_MANUALS/999/35000094G%20UM_Atomic3000DMX_EN_G.pdf""}]",""
"Martin","MAC 250 Beam","Beam","[{""name"":""16-Bit"",""channels"":13},{""name"":""16-Bit Extendend"",""channels"":19}]",22.9,393,538,315,7700,"lm","","",326,"","","DMX 3-pin; DMX 5-pin","","","","[{""type"":""datasheet"",""ref"":""https://www.martin.com/en/products/mac-250-beam""},{""type"":""manual"",""ref"":""https://adn.harmanpro.com/site_elements/executables/5846_1526694942/UM_MAC250Wash_EN_G_original.pdf""}]",""
"Martin","Mac 250 Krypton","Wash","[{""name"":""16-Bit"",""channels"":14},{""name"":""16-Bit Extended"",""channels"":17}]",22.4,393,538,315,5000,"lm","","",326,"","","DMX 3-pin; DMX 5-pin","","","","[{""type"":""datasheet"",""ref"":""https://www.martin.com/en/products/mac-250-krypton""},{""type"":""manual"",""ref"":""https://adn.harmanpro.com/site_elements/executables/5646_1526694591/UM_MAC250KryptonEntour_EN_K_original.pdf""}]",""
"Martin","MAC 250 Wash","Wash","[{""name"":""16-Bit"",""channels"":13},{""name"":""16-Bit Extendend"",""channels"":19}]",22.9,393,538,315,7700,"lm","","",326,"","","DMX 3-pin; DMX 5-pin","","","","[{""type"":""datasheet"",""ref"":""https://www.martin.com/en/products/mac-250-wash""},{""type"":""manual"",""ref"":""https://adn.harmanpro.com/site_elements/executables/5846_1526694942/UM_MAC250Wash_EN_G_original.pdf""}]",""
"Martin","MAC 600","Wash","[{""name"":""DMX1 (10-channel)"",""channels"":10},{""name"":""DMX2 (12-channel)"",""channels"":12},{""name"":""DMX3 (12-channel)"",""channels"":12},{""name"":""DMX4 (14-channel)"",""channels"":14}]",31.5,481,610,456,21500,"lm","","",750,"","","DMX 3-pin","","","","[{""type"":""datasheet"",""ref"":""https://www.martin.com/en-US/products/mac-600""},{""type"":""manual"",""ref"":""https://adn.harmanpro.com/site_elements/executables/3027_1526061584/UM_MAC600_EN_H_original.PDF""}]",""
"Martin","MAC 700 Wash","Wash","[{""name"":""Basic 16-channel"",""channels"":16},{""name"":""Extended 23-channel"",""channels"":23}]",32,365,656,450,18700,"lm","","",950,"","","DMX 3-pin; DMX 5-pin","","","","[{""type"":""datasheet"",""ref"":""""},{""type"":""manual"",""ref"":""https://adn.harmanpro.com/site_elements/executables/5949_1526695117/UM_MAC700Wash_EN_D_original.pdf""}]",""
"Martin","MAC Aura","Wash","[{""name"":""Standard"",""channels"":14},{""name"":""Extended"",""channels"":25}]",5.6,302,360,302,3850,"lm","","",260,"","","DMX 5-pin","","","","[{""type"":""datasheet"",""ref"":""https://www.martin.com/en/products/mac-aura""},{""type"":""manual"",""ref"":""https://www.martin.com/files/files/productdocuments/11_MANUALS/999/UM_MACAura_EN_B.pdf""}]",""
"Martin","MAC Axiom Hybrid","Hybrid","[{""name"":""Standard"",""channels"":23}]",24.8,414,630,399,16000,"lm","","",600,"","","DMX 5-pin","","PowerCON TRUE1","","[{""type"":""datasheet"",""ref"":""""},{""type"":""manual"",""ref"":""https://www.martin.com/files/files/productdocuments/11_MANUALS/999/UM_MACAxiomHybrid_EN_D.pdf""}]",""
"Martin","MAC Encore Performance","Wash","[{""name"":""CLD"",""channels"":38},{""name"":""WRM"",""channels"":38}]",31,480,740,452,"","","","",585,"","","DMX 5-pin","","PowerCON TRUE1","","[{""type"":""datasheet"",""ref"":""https://www.martin.com/en/products/mac-encore-performance-cld""},{""type"":""manual"",""ref"":""https://adn.harmanpro.com/site_elements/executables/7477_1526701894/UM_MACEncorePerformance_EN_A_original.pdf""}]",""
"Martin","MAC Viper AirFX","Wash","[{""name"":""Basic"",""channels"":20},{""name"":""Extended"",""channels"":33}]",35.7,473,749,566,35000,"lm","","",1225,"","","DMX 5-pin","","","","[{""type"":""datasheet"",""ref"":""""},{""type"":""manual"",""ref"":""https://www.martin.com/files/files/productdocuments/11_MANUALS/999/UM_MACViperAirFX_EN_B.pdf""}]",""
"Martin","MAC Viper Performance","Wash","[{""name"":""Basic 16-bit"",""channels"":32},{""name"":""Extended 16-bit"",""channels"":40}]",37.9,472,748,566,26000,"lm","","",1225,"","","DMX 5-pin","","","","[{""type"":""datasheet"",""ref"":""""},{""type"":""manual"",""ref"":""https://www.martin.com/files/files/productdocuments/11_MANUALS/999/35000275c%20UM_MACViperPerf_EN_C.pdf""}]",""
"Martin","MAC Viper Wash (DX)","Wash","[{""name"":""Basic"",""channels"":18},{""name"":""Extended"",""channels"":24}]",33,473,749,566,33000,"lm","","",1225,"","","DMX 5-pin","","","","[{""type"":""datasheet"",""ref"":""""},{""type"":""manual"",""ref"":""https://www.martin.com/files/files/productdocuments/11_MANUALS/999/UM_MACViperWash_EN_B.pdf""}]",""
"Martin","Magnum 2500 HZ","Spot","[{""name"":""Standard"",""channels"":1}]",15.7,285,286,455,"","","","",920,"","","DMX 3-pin","","","","[{""type"":""datasheet"",""ref"":""""},{""type"":""manual"",""ref"":""https://www.martin.com/files/files/productdocuments/11_MANUALS/999/UM_Magnum2500Hz_EN_F.pdf""}]",""
"Martin","Mania SCX500","Wash","[{""name"":""6-channel"",""channels"":6},{""name"":""8-channel"",""channels"":8}]",6.7,445,178,204,"","","","",164,"","","DMX 3-pin","","IEC","","[{""type"":""datasheet"",""ref"":""https://www.martin.com/en-US/products/mania-scx500""},{""type"":""manual"",""ref"":""https://www.manualslib.com/manual/786449/Martin-Mania-Scx500.html""}]",""
"Martin","MX-10 Extreme","Wash","[{""name"":""13-channel"",""channels"":13}]",22,340,315,735,3757,"lm","","",360,"","","DMX 3-pin","","","","[{""type"":""datasheet"",""ref"":""https://www.martin.com/en/products/mx-10-extreme""},{""type"":""manual"",""ref"":""https://www.martin.com/en/site_elements/user-manual-a456d8e8-ed18-4ca8-8c6e-be905dc53b83""}]",""
"Martin","RoboScan 812","Wash","[{""name"":""5-channel tracking"",""channels"":5},{""name"":""7-channel vector"",""channels"":7}]",9.4,190,165,436,"","","","",170,"","","DMX 3-pin","","","","[{""type"":""datasheet"",""ref"":""""},{""type"":""manual"",""ref"":""https://www.martin.com/files/files/productdocuments/11_MANUALS/999/UM_RoboScan812_EN_C.PDF""}]",""
"Robe","ColorSpot 2500E AT","Spot","[{""name"":""24-channel 1"",""channels"":24},{""name"":""32-channel"",""channels"":32},{""name"":""24-channel 2"",""channels"":24}]",42.5,536,638,678,"","","","",1760,"","","DMX 3-pin; DMX 5-pin","","","","[{""type"":""datasheet"",""ref"":""https://www.robe.cz/colorspot-2500e-at""},{""type"":""manual"",""ref"":""https://www.robe.cz/api/support-files/download/downloads/user_manuals/User_manual_ColorSpot_2500E_AT.pdf""}]",""
"Robe","DJ Scan 250 XT","Wash","[{""name"":""6-channel"",""channels"":6}]",9.5,308,163,483,"","","","",500,"","","DMX 3-pin","","","","[{""type"":""datasheet"",""ref"":""https://www.robe.cz/scan-250-xt""},{""type"":""manual"",""ref"":""https://www.robe.cz/api/support-files/download/downloads/user_manuals/User%20manual%20DJ%20Scan%20250%20XT.pdf""}]",""
"Robe","Robin 300E Wash","Wash","[{""name"":""1st"",""channels"":20},{""name"":""2nd"",""channels"":17},{""name"":""3rd"",""channels"":15}]",20,432.6,516.2,409.2,23000,"lm","","",440,"","","DMX 3-pin; DMX 5-pin","","","","[{""type"":""datasheet"",""ref"":""https://www.robe.cz/robin-300e-wash""},{""type"":""manual"",""ref"":""https://www.robe.cz/api/support-files/download/downloads/user_manuals/User_manual_Robin_300E_Wash.pdf""}]",""
"Robe","Robin 600E Spot","Spot","[{""name"":""32-channel"",""channels"":32},{""name"":""25-channel"",""channels"":25},{""name"":""23-channel"",""channels"":23}]",21.7,432.6,515.8,469.1,37000,"lm","","",750,"","","DMX 3-pin; DMX 5-pin","","Hardwired","","[{""type"":""datasheet"",""ref"":""https://www.robe.cz/robin-600e-spot""},{""type"":""manual"",""ref"":""https://www.robe.cz/api/support-files/download/downloads/user_manuals/User_manual_Robin_600E_Spot.pdf""}]",""
"Robe","Robin LEDBeam 100","Beam","[{""name"":""RGBW Pixel"",""channels"":35},{""name"":""CMY Pixel"",""channels"":35},{""name"":""Single 16bit RGBW Color"",""channels"":19},{""name"":""Single 16bit CMY Color"",""channels"":19},{""name"":""Single 8bit RGBW Color"",""channels"":14},{""name"":""Single 8bit CMY Color"",""channels"":14},{""name"":""Virtual Color Wheel"",""channels"":9},{""name"":""Reordered RGBW Pixel"",""channels"":35},{""name"":""Reordered CMY Pixel"",""channels"":35},{""name"":""LEDWash 300 RGBW"",""channels"":37},{""name"":""LEDWash 300 CMY"",""channels"":37}]",4.5,233,314,149,5960,"lm","","",200,"","","DMX 5-pin","","","","[{""type"":""datasheet"",""ref"":""https://www.robe.cz/ledbeam-100""},{""type"":""manual"",""ref"":""https://www.robe.cz/api/support-files/download/downloads/user_manuals/User_manual_Robin_100_LEDBeam.pdf""}]",""
"Robe","Robin LEDBeam 150","Beam","[{""name"":""1 – Standard 16bit RGBW"",""channels"":22},{""name"":""2 – Reduced 8bit RGBW"",""channels"":15},{""name"":""1 – Standard 16bit CMY"",""channels"":22},{""name"":""2 – Reduced 8bit CMY"",""channels"":16}]",5.7,244,329,190.3,1380,"lm","","",220,"","","DMX 5-pin","","","","[{""type"":""datasheet"",""ref"":""https://www.robe.cz/ledbeam-150""},{""type"":""manual"",""ref"":""https://www.robe.cz/res/downloads/user_manuals/User_manual_Robin_LEDBeam_150_FW_Robin_LEDBeam_150_FWQ.pdf""}]",""
"Robe","Robin LEDWash 600","Wash","[{""name"":""1st"",""channels"":14},{""name"":""2nd"",""channels"":21},{""name"":""3rd"",""channels"":15},{""name"":""4th"",""channels"":10},{""name"":""5th"",""channels"":14},{""name"":""6th"",""channels"":13}]",10.6,343,444,203,4820,"lm","","","","","","DMX 3-pin; DMX 5-pin","","","","[{""type"":""datasheet"",""ref"":""https://www.robe.cz/ledwash-600""},{""type"":""manual"",""ref"":""https://www.robe.cz/api/support-files/download/downloads/user_manuals/User_manual_Robin_600_LEDWash.pdf""}]",""
"Robe","Robin ParFect 150","Wash","[{""name"":""Standard 16bit"",""channels"":17},{""name"":""Reduced 8bit"",""channels"":11}]",5,240,192,498,"","","","",220,"","","DMX 5-pin","","","","[{""type"":""datasheet"",""ref"":""https://www.robe.cz/parfect-150-rgbw""},{""type"":""manual"",""ref"":""https://www.robe.cz/res/downloads/user_manuals/User_manual_Robin_Parfect_150_150Q_150_FW_150_FWQ.pdf""}]",""
"Robe","Robin T1 Profile","Profile","[{""name"":""CMY"",""channels"":49},{""name"":""RGB"",""channels"":49},{""name"":""Reduced CMY"",""channels"":33},{""name"":""Reduced RGB"",""channels"":33},{""name"":""RGBA + Light Green"",""channels"":53}]",24.3,726,400,258,12600,"lm","","",440,"","","DMX 3-pin; DMX 5-pin","","","","[{""type"":""datasheet"",""ref"":""https://www.robe.cz/t1-profile""},{""type"":""manual"",""ref"":""https://www.robe.cz/en/pdfs/product/654""}]",""
"Robe","ROBIN Viva CMY","Wash","[{""name"":""Standard 16 bit"",""channels"":32},{""name"":""Reduced 8 bit"",""channels"":26}]",19,380,675,250,"","","","",500,"","","DMX 3-pin; DMX 5-pin","","","","[{""type"":""datasheet"",""ref"":""https://www.robe.cz/viva-cmy""},{""type"":""manual"",""ref"":""https://www.robe.cz/api/support-files/download/downloads/user_manuals/User_manual_Robin_Viva_CMY.pdf""}]",""
"Robe","Spot 160 XT","Spot","[{""name"":""1st"",""channels"":9},{""name"":""2nd"",""channels"":9},{""name"":""3rd"",""channels"":7},{""name"":""4th"",""channels"":6}]",10.5,292,415,378,14000,"lm","","",300,"","","DMX 3-pin","","","","[{""type"":""datasheet"",""ref"":""""},{""type"":""manual"",""ref"":""https://www.aesono.fr/manuel/Robe-Spot-160XT.pdf""}]",""
"Clay Paky","A.leda B-EYE K10","Wash","[{""name"":""Standard"",""channels"":21},{""name"":""Shapes"",""channels"":35},{""name"":""Pixel RGB"",""channels"":1},{""name"":""Pixel RGBW"",""channels"":1}]",15,358,494,253,9800,"lm","","",450,"","","DMX 3-pin; DMX 5-pin","","","","[{""type"":""datasheet"",""ref"":""https://www.claypaky.it/products/a-leda-b-eye-k10/""},{""type"":""manual"",""ref"":""https://e-assist.tech/servlet/checkDocumentsFile?Id=729""}]",""
"Clay Paky","A.leda B-EYE K20","Wash","[{""name"":""Standard"",""channels"":21},{""name"":""Shapes"",""channels"":35},{""name"":""Pixel RGB"",""channels"":1},{""name"":""Pixel RGBW"",""channels"":1}]",21,395,476,330,9800,"lm","","",555,"","","DMX 3-pin; DMX 5-pin","","","","[{""type"":""datasheet"",""ref"":""https://www.claypaky.it/products/a-leda-b-eye-k20/""},{""type"":""manual"",""ref"":""https://e-assist.tech/servlet/checkDocumentsFile?Id=729""}]",""
"Clay Paky","Alpha Spot QWO 800","Spot","[{""name"":""Standard 32-channel"",""channels"":32},{""name"":""Vector 36-channel"",""channels"":36}]",30,385,405,650,54500,"lm","","",1200,"","","DMX 3-pin; DMX 5-pin","","","","[{""type"":""datasheet"",""ref"":""""},{""type"":""manual"",""ref"":""https://www.claypaky.it/media/documents/HR_AlphaSpotQWO800_and_ST_Manual_04.2016_EN.pdf""}]",""
"Clay Paky","Sharpy","Wash","[{""name"":""Standard"",""channels"":16},{""name"":""Vector"",""channels"":20}]",19,405,450,330,7950,"lm","","",200,"","","DMX 3-pin","","","","[{""type"":""datasheet"",""ref"":""https://www.claypaky.it/products/sharpy/""},{""type"":""manual"",""ref"":""https://e-assist.tech/servlet/checkDocumentsFile?Id=284""}]",""
"Clay Paky","Show-Batten 100","Batten","[{""name"":""Basic Engine"",""channels"":18},{""name"":""Pixel Engine RGB"",""channels"":19},{""name"":""Pixel Engine RGBW"",""channels"":19}]",10,1000,100,186,6800,"lm","","",170,"","","DMX 5-pin","","","","[{""type"":""datasheet"",""ref"":""https://www.claypaky.it/en/products/showbatten100""},{""type"":""manual"",""ref"":""https://www.claypaky.it/media/documents/HR_ShowBatten100_Manual_05.2016_EN.pdf""}]",""
"Clay Paky","Spheriscan","Wash","[{""name"":""Standard"",""channels"":29},{""name"":""Vector"",""channels"":33}]",31.5,497,886,282,120000,"lm","","",1600,"","","DMX 5-pin","","","","[{""type"":""datasheet"",""ref"":""""},{""type"":""manual"",""ref"":""https://www.claypaky.it/media/documents/Spheriscan-Spherilight_Manual_04.2017_EN.pdf""}]",""
"Chauvet Professional","COLORado 1 Solo","Wash","[{""name"":""Std. Y"",""channels"":17},{""name"":""TR16"",""channels"":17},{""name"":""TOUR"",""channels"":12},{""name"":""SSP"",""channels"":9},{""name"":""HSIC"",""channels"":9}]",5.4,242,176,346,780,"lm","","",65,"","","DMX 5-pin","","","","[{""type"":""datasheet"",""ref"":""https://www.chauvetprofessional.com/products/colorado-1-solo/""},{""type"":""manual"",""ref"":""https://www.chauvetprofessional.com/wp-content/uploads//2018/01/COLORado_1_Solo_UM_Rev8.pdf""}]",""
"Chauvet Professional","COLORdash Batten-Quad 6","Batten","[{""name"":""4-channel"",""channels"":4},{""name"":""6-channel"",""channels"":6},{""name"":""10-channel"",""channels"":10},{""name"":""24-channel"",""channels"":1},{""name"":""28-channel"",""channels"":5}]",2.3,494.5,82,154,674,"lm","","",96,"","","DMX 3-pin; DMX 5-pin","","","","[{""type"":""datasheet"",""ref"":""https://www.chauvetprofessional.com/products/colordash-batten-quad-6/""},{""type"":""manual"",""ref"":""https://www.chauvetprofessional.com/wp-content/uploads/2015/07/COLORDash_Batten-Quad_6_UM_Rev7_WO.pdf""}]",""
"Chauvet Professional","COLORdash S-Par 1","Wash","[{""name"":""4-channel"",""channels"":4},{""name"":""6-channel"",""channels"":6},{""name"":""11-channel"",""channels"":11}]",6.5,231,169,313,"","","","",65,"","","DMX 5-pin","","PowerCON TRUE1","PowerCON TRUE1","[{""type"":""datasheet"",""ref"":""https://www.chauvetprofessional.com/products/colordash-s-par-1/""},{""type"":""manual"",""ref"":""https://www.chauvetprofessional.com/wp-content/uploads/2015/07/COLORdash_S-Par_1_UM_Rev1_WO1.pdf""}]",""
"Chauvet Professional","Ovation F-915VW","Strobe","[{""name"":""18-channel"",""channels"":18},{""name"":""16-channel"",""channels"":16},{""name"":""13-channel"",""channels"":13},{""name"":""9-channel"",""channels"":9},{""name"":""7-channel"",""channels"":7},{""name"":""6-channel"",""channels"":6},{""name"":""4-channel"",""channels"":4}]",8.5,320,275,569.44,6792,"lm","","",223,"","","DMX 3-pin; DMX 5-pin","","","","[{""type"":""datasheet"",""ref"":""https://www.chauvetprofessional.com/products/ovation-f-915vw/""},{""type"":""manual"",""ref"":""https://www.chauvetprofessional.com/wp-content/uploads/2017/11/Ovation_F-915VW_UM_Rev1_WO.pdf""}]",""
"Chauvet Professional","Rogue R1 Wash","Wash","[{""name"":""21-channel"",""channels"":21},{""name"":""19-channel"",""channels"":19},{""name"":""15-channel"",""channels"":15},{""name"":""14-channel"",""channels"":14}]",5.9,265,354,187,2300,"lm","","",161,"","","DMX 3-pin; DMX 5-pin","","","","[{""type"":""datasheet"",""ref"":""https://www.chauvetprofessional.com/products/rogue-r1-wash/""},{""type"":""manual"",""ref"":""https://www.chauvetprofessional.com/wp-content/uploads/2015/06/ROGUE_R1_Wash_UM_Rev2_WO1.pdf""}]",""
"Chauvet Professional","Rogue R2 Wash","Wash","[{""name"":""56-channel"",""channels"":17},{""name"":""54-channel"",""channels"":15},{""name"":""54-channel MS"",""channels"":15},{""name"":""33-channel"",""channels"":14},{""name"":""33-channel MS"",""channels"":14},{""name"":""22-channel"",""channels"":22},{""name"":""17-channel"",""channels"":17},{""name"":""15-channel"",""channels"":15}]",9.25,306,398,218,8500,"lm","","",339,"","","DMX 3-pin; DMX 5-pin","","","","[{""type"":""datasheet"",""ref"":""https://www.chauvetprofessional.com/products/rogue-r2-wash/""},{""type"":""manual"",""ref"":""https://www.chauvetprofessional.com/wp-content/uploads/2015/06/ROGUE_R2_Wash_UM_Rev4_WO2.pdf""}]",""
"Chauvet Professional","Vesuvio RGBA","Hazer/Fogger","[{""name"":""9-channel"",""channels"":9}]",13.6,336,488,231,"","","","",1590,"","","DMX 3-pin; DMX 5-pin","","","","[{""type"":""datasheet"",""ref"":""https://web.archive.org/web/20160421173724/http://www.chauvetprofessional.com/products/vesuvio-rgba/""},{""type"":""manual"",""ref"":""https://www.chauvetprofessional.com/wp-content/uploads/2015/06/Vesuvio-RGBA_UM_Rev4_WO.pdf""}]",""
"ETC","ColorSource PAR Deep Blue","Wash","[{""name"":""5 Channel (Default)"",""channels"":5},{""name"":""Direct"",""channels"":6},{""name"":""1 Channel"",""channels"":1},{""name"":""RGB"",""channels"":3}]",3.77,203,310,240,2429,"lm","","",90,"","","DMX 5-pin","","","","[{""type"":""datasheet"",""ref"":""https://www.etcconnect.com/Products/Lighting-Fixtures/ColorSource-PAR/Features.aspx""},{""type"":""manual"",""ref"":""https://www.etcconnect.com/WorkArea/DownloadAsset.aspx?id=10737484145""}]",""
"ETC","ColorSource PAR","Wash","[{""name"":""5 Channel (Default)"",""channels"":5},{""name"":""Direct"",""channels"":6},{""name"":""1 Channel"",""channels"":1},{""name"":""RGB"",""channels"":3}]",3.77,203,310,240,3039,"lm","","",90,"","","DMX 5-pin","","","","[{""type"":""datasheet"",""ref"":""https://www.etcconnect.com/Products/Lighting-Fixtures/ColorSource-PAR/Features.aspx""},{""type"":""manual"",""ref"":""https://www.etcconnect.com/WorkArea/DownloadAsset.aspx?id=10737484145""}]",""
"ETC","ColorSource Spot Deep Blue","Spot","[{""name"":""5 Channel (Default)"",""channels"":5},{""name"":""Direct"",""channels"":6},{""name"":""1 Channel"",""channels"":1},{""name"":""RGB"",""channels"":3}]",7.7,339,593,672,6932,"lm","","",147,"","","DMX 5-pin","","","","[{""type"":""datasheet"",""ref"":""https://www.etcconnect.com/Products/Lighting-Fixtures/ColorSource-Spot/Features.aspx""},{""type"":""manual"",""ref"":""https://www.etcconnect.com/WorkArea/DownloadAsset.aspx?id=10737494635""}]",""
"ETC","ColorSource Spot","Spot","[{""name"":""5 Channel (Default)"",""channels"":5},{""name"":""Direct"",""channels"":6},{""name"":""1 Channel"",""channels"":1},{""name"":""RGB"",""channels"":3}]",7.7,339,593,672,6932,"lm","","",147,"","","DMX 5-pin","","","","[{""type"":""datasheet"",""ref"":""https://www.etcconnect.com/Products/Lighting-Fixtures/ColorSource-Spot/Features.aspx""},{""type"":""manual"",""ref"":""https://www.etcconnect.com/WorkArea/DownloadAsset.aspx?id=10737494635""}]",""
"ETC","fos/4 PD16","Strobe","[{""name"":""Direct"",""channels"":10},{""name"":""Expanded"",""channels"":11},{""name"":""Studio"",""channels"":7},{""name"":""3 Ch RGB"",""channels"":3},{""name"":""Intensity"",""channels"":1}]",25.4,406,610,631,"","","","",1070,"","","DMX 5-pin","","","","[{""type"":""datasheet"",""ref"":""https://www.etcconnect.com/Products/Lighting-Fixtures/fos/4-Panels/Features.aspx""},{""type"":""manual"",""ref"":""https://www.etcconnect.com/WorkArea/DownloadAsset.aspx?id=10737501734""}]",""
"ETC","fos/4 PD24","Strobe","[{""name"":""Direct"",""channels"":10},{""name"":""Expanded"",""channels"":11},{""name"":""Studio"",""channels"":7},{""name"":""3 Ch RGB"",""channels"":3},{""name"":""Intensity"",""channels"":1}]",35.8,610,610,631,"","","","",1600,"","","DMX 5-pin","","","","[{""type"":""datasheet"",""ref"":""https://www.etcconnect.com/Products/Lighting-Fixtures/fos/4-Panels/Features.aspx""},{""type"":""manual"",""ref"":""https://www.etcconnect.com/WorkArea/DownloadAsset.aspx?id=10737501734""}]",""
"ETC","fos/4 PD8","Strobe","[{""name"":""Direct"",""channels"":10},{""name"":""Expanded"",""channels"":11},{""name"":""Studio"",""channels"":7},{""name"":""3 Ch RGB"",""channels"":3},{""name"":""Intensity"",""channels"":1}]",14.5,203,610,631,"","","","",540,"","","DMX 5-pin","","","","[{""type"":""datasheet"",""ref"":""https://www.etcconnect.com/Products/Lighting-Fixtures/fos/4-Panels/Features.aspx""},{""type"":""manual"",""ref"":""https://www.etcconnect.com/WorkArea/DownloadAsset.aspx?id=10737501734""}]",""
"ETC","fos/4 PL16","Strobe","[{""name"":""Direct"",""channels"":12},{""name"":""Expanded"",""channels"":11},{""name"":""Studio"",""channels"":7},{""name"":""3 Ch RGB"",""channels"":3},{""name"":""Intensity"",""channels"":1}]",25.4,406,610,631,"","","","",1070,"","","DMX 5-pin","","","","[{""type"":""datasheet"",""ref"":""https://www.etcconnect.com/Products/Lighting-Fixtures/fos/4-Panels/Features.aspx""},{""type"":""manual"",""ref"":""https://www.etcconnect.com/WorkArea/DownloadAsset.aspx?id=10737501734""}]",""
"ETC","fos/4 PL24","Strobe","[{""name"":""Direct"",""channels"":12},{""name"":""Expanded"",""channels"":11},{""name"":""Studio"",""channels"":7},{""name"":""3 Ch RGB"",""channels"":3},{""name"":""Intensity"",""channels"":1}]",35.8,610,610,631,"","","","",1600,"","","DMX 5-pin","","","","[{""type"":""datasheet"",""ref"":""https://www.etcconnect.com/Products/Lighting-Fixtures/fos/4-Panels/Features.aspx""},{""type"":""manual"",""ref"":""https://www.etcconnect.com/WorkArea/DownloadAsset.aspx?id=10737501734""}]",""
"ETC","fos/4 PL8","Strobe","[{""name"":""Direct"",""channels"":12},{""name"":""Expanded"",""channels"":11},{""name"":""Studio"",""channels"":7},{""name"":""3 Ch RGB"",""channels"":3},{""name"":""Intensity"",""channels"":1}]",14.5,203,610,631,"","","","",540,"","","DMX 5-pin","","","","[{""type"":""datasheet"",""ref"":""https://www.etcconnect.com/Products/Lighting-Fixtures/fos/4-Panels/Features.aspx""},{""type"":""manual"",""ref"":""https://www.etcconnect.com/WorkArea/DownloadAsset.aspx?id=10737501734""}]",""
"GLP","Force 120","Wash","[{""name"":""Extended"",""channels"":5},{""name"":""Normal"",""channels"":8},{""name"":""Extended Legacy"",""channels"":5},{""name"":""Normal Legacy"",""channels"":8}]",94,1400,1400,400,"","","","",1000,"","","DMX 5-pin","","","","[{""type"":""datasheet"",""ref"":""https://glp.de/en/products/stage-effects-root/stage-effects/force-120-en""},{""type"":""manual"",""ref"":""https://glp.de/files/products/force-120-product-data/Force_120_1.5_en-us.pdf""}]",""
"GLP","impression FR1","Wash","[{""name"":""Normal"",""channels"":16}]",4,190,355,140,"","","","",80,"","","DMX 5-pin","","","","[{""type"":""datasheet"",""ref"":""https://glp.de/en/products/entertainment-lighting/moving-lights/impression-fr1-en""},{""type"":""manual"",""ref"":""https://glp.de/files/products/impression-fr1-product-data/GLP_impression_FR1_User_Manual_EN_Rev_G_20201208.pdf""}]",""
"GLP","impression Laser","Laser","[{""name"":""Normal"",""channels"":20}]",7.5,340,145,370,"","","","",170,"","","DMX 3-pin","","PowerCON","","[{""type"":""datasheet"",""ref"":""""},{""type"":""manual"",""ref"":""https://www.glp.de/de/produkte?format=raw&task=download&fid=65""}]",""
"GLP","impression Spot One","Spot","[{""name"":""Normal 24-channel"",""channels"":24},{""name"":""Compress 20-channel"",""channels"":20},{""name"":""Extended 31-channel"",""channels"":31}]",23,472,618,230,"","","","",700,"","","DMX 3-pin; DMX 5-pin","","","","[{""type"":""datasheet"",""ref"":""https://glp.de/en/products/discontinued/impression-spot-one-en""},{""type"":""manual"",""ref"":""https://glp.de/files/products/impression-spot-one-product-data/Impression_SpotOne_Manual_V1.97_EN.PDF""}]",""
"GLP","Impression X4 Bar 10","Pixel Bar","[{""name"":""Normal"",""channels"":33},{""name"":""Compressed"",""channels"":19},{""name"":""High Resolution"",""channels"":34},{""name"":""Dual Pixel"",""channels"":9},{""name"":""Dual Pixel High Resolution"",""channels"":10},{""name"":""Single Pixel"",""channels"":9},{""name"":""Single Pixel High Resolution"",""channels"":10}]",8,500,240,100,"","","","",200,"","","DMX 5-pin","","","","[{""type"":""datasheet"",""ref"":""https://glp.de/en/products/entertainment-lighting/moving-lights/impression-x4-bar-10-en""},{""type"":""manual"",""ref"":""https://glp.de/files/products/impression-x4-bar-10-product-data/impression_X4_Bar_10_Manual_v1.8_EN.pdf""}]",""
"GLP","JDC1","Strobe","[{""name"":""Compressed Pro 14-channel"",""channels"":14},{""name"":""Normal 23-channel"",""channels"":23},{""name"":""SPix 68-channel"",""channels"":22},{""name"":""SPix Pro 62-channel"",""channels"":16},{""name"":""1Pix Pro 17-channel"",""channels"":17},{""name"":""Easy 11-channel"",""channels"":11}]",12,390,284,154,"","","","",1200,"","","DMX 5-pin","","","","[{""type"":""datasheet"",""ref"":""https://glp.de/en/products/entertainment-lighting/strobes/jdc1-en""},{""type"":""manual"",""ref"":""https://glp.de/files/products/jdc1-product-data/GLP_JDC1_User_Manual_EN_Rev20240830-01.pdf""}]",""
"GLP","KNV Arc","Strobe","[{""name"":""RGBW 16-bit"",""channels"":10},{""name"":""White strobe with FX, RGB with FX"",""channels"":23},{""name"":""RGB strobe with FX, White 25-pixel"",""channels"":16},{""name"":""White strobe with FX, RGB 25-pixel"",""channels"":12},{""name"":""Multi-layer RGBW with FX"",""channels"":35},{""name"":""RGBW 25-pixel 8-bit"",""channels"":3},{""name"":""RGBW 25-pixel 16-bit"",""channels"":3}]",9.7,250,250,180,55030,"lm","","",800,"","","","","PowerCON TRUE1","PowerCON TRUE1","[{""type"":""datasheet"",""ref"":""https://glp.de/en/products/entertainment-lighting/creative-led-system/knv-arc-en""},{""type"":""manual"",""ref"":""https://glp.de/files/products/knv-arc-product-data/KNV_CA_User_Manual_EN_Rev.B_SW_14.8_20190704.pdf""}]",""
"GLP","KNV Cube","Strobe","[{""name"":""RGBW 16-bit"",""channels"":10},{""name"":""White strobe with FX, RGB with FX"",""channels"":23},{""name"":""RGB strobe with FX, White 25-pixel"",""channels"":16},{""name"":""White strobe with FX, RGB 25-pixel"",""channels"":12},{""name"":""Multi-layer RGBW with FX"",""channels"":35},{""name"":""RGBW 25-pixel 8-bit"",""channels"":3},{""name"":""RGBW 25-pixel 16-bit"",""channels"":3}]",9.3,250,250,183,55030,"lm","","",800,"","","","","","","[{""type"":""datasheet"",""ref"":""https://glp.de/en/products/entertainment-lighting/creative-led-system/knv-cube-en""},{""type"":""manual"",""ref"":""https://glp.de/files/products/knv-cube-product-data/KNV_CA_User_Manual_EN_Rev.B_SW_14.8_20190704.pdf""}]",""
"Elation","ACL 360 Roller","Wash","[{""name"":""Basic"",""channels"":17},{""name"":""Standard"",""channels"":19},{""name"":""Extended"",""channels"":16}]",20,480.7,541,260,"","","","",280,"","","DMX 3-pin; DMX 5-pin","","","","[{""type"":""datasheet"",""ref"":""https://www.elationlighting.com/acl-360-roller""},{""type"":""manual"",""ref"":""https://cdb.s3.amazonaws.com/ItemRelatedFiles/9806/ACL%20360%20ROLLER%20-%20User%20Manual.pdf""}]",""
"Elation","CUEPIX Blinder WW2","Blinder","[{""name"":""1-channel"",""channels"":1},{""name"":""2-channel"",""channels"":2},{""name"":""3-channel"",""channels"":3},{""name"":""4-channel"",""channels"":4}]",5.1,259.4,181.2,478,"","","","",229,"","","DMX 3-pin; DMX 5-pin","","","","[{""type"":""datasheet"",""ref"":""https://www.elationlighting.com/cuepix-blinder-ww2""},{""type"":""manual"",""ref"":""https://cdb.s3.amazonaws.com/ItemRelatedFiles/9941/Elation%20Cuepix%20Blinder%20WW2%20-%20User%20Manual.pdf""}]",""
"Elation","CUEPIX Blinder WW4","Blinder","[{""name"":""1-channel"",""channels"":1},{""name"":""2-channel"",""channels"":2},{""name"":""4-channel"",""channels"":4},{""name"":""5-channel"",""channels"":5},{""name"":""7-channel"",""channels"":7},{""name"":""9-channel"",""channels"":9}]",5.1,259.4,181.2,478,"","","","",229,"","","DMX 3-pin; DMX 5-pin","","","","[{""type"":""datasheet"",""ref"":""https://www.elationlighting.com/cuepix-blinder-ww4""},{""type"":""manual"",""ref"":""https://cdb.s3.amazonaws.com/ItemRelatedFiles/9870/Elation%20Cuepix%20Blinder%20WW4%20-%20User%20Manual%20.pdf""}]",""
"Elation","Design LED Par Zoom","Wash","[{""name"":""8-channel"",""channels"":8}]",7,79,76.5,60,"","","","",120,"","","DMX 3-pin","","","","[{""type"":""datasheet"",""ref"":""https://www.elationlighting.com/design-led-par-zoom""},{""type"":""manual"",""ref"":""https://cdb.s3.amazonaws.com/ItemRelatedFiles/10094/elation_design_par_led_zoom_user_manual.pdf""}]",""
"Elation","FUZE PAR Z60IP","Wash","[{""name"":""4-channel RGBW"",""channels"":4},{""name"":""4-channel HSI"",""channels"":4},{""name"":""5-channel HSI"",""channels"":5},{""name"":""6-channel RGBW"",""channels"":6},{""name"":""7-channel sRGBWI"",""channels"":7},{""name"":""7-channel RGBW"",""channels"":7},{""name"":""8-channel RGBW"",""channels"":8},{""name"":""9-channel RGBW"",""channels"":9},{""name"":""10-channel 16Bit"",""channels"":10},{""name"":""10-channel HSI"",""channels"":10},{""name"":""12-channel sRGBI"",""channels"":12},{""name"":""13-channel RGBW"",""channels"":13}]",4.5,312.5,284,410,"","","","",78,"","","DMX 5-pin","","","","[{""type"":""datasheet"",""ref"":""https://www.elationlighting.com/fuze-par-z60-ip""},{""type"":""manual"",""ref"":""https://d295jznhem2tn9.cloudfront.net/ItemRelatedFiles/9776/ELATION%20FUZE%20PAR%20Z60%20IP%20-%20USER%20MANUAL.pdf""}]",""
"Elation","Platinum HFX","Wash","[{""name"":""Extended"",""channels"":26},{""name"":""Standard"",""channels"":19},{""name"":""Basic"",""channels"":17}]",22.7,466,675.5,340,"","","","",450,"","","DMX 5-pin","","","","[{""type"":""datasheet"",""ref"":""https://www.elationlighting.com/platinum-hfx""},{""type"":""manual"",""ref"":""https://cdb.s3.amazonaws.com/ItemRelatedFiles/9814/Platinum%20HFX%20-%20User%20Manual%20.pdf""}]",""
"Elation","Platinum Seven","Wash","[{""name"":""Basic"",""channels"":24},{""name"":""Standard"",""channels"":31},{""name"":""Extended"",""channels"":20}]",21.3,418.1,558.9,284.4,"","","","",600,"","","DMX 5-pin","","","","[{""type"":""datasheet"",""ref"":""https://www.elationlighting.com/platinum-seven""},{""type"":""manual"",""ref"":""https://cdb.s3.amazonaws.com/ItemRelatedFiles/9777/Platinum%20Seven%20-%20User%20Manual%20.pdf""}]",""
"Elation","Platinum Spot 15R Pro","Spot","[{""name"":""Basic"",""channels"":21},{""name"":""Standard"",""channels"":23},{""name"":""Extended"",""channels"":34}]",22.2,50,72,46.5,"","","","",500,"","","DMX 3-pin; DMX 5-pin","","","","[{""type"":""datasheet"",""ref"":""https://www.elationlighting.com/platinum-spot-15r-pro""},{""type"":""manual"",""ref"":""https://cdb.s3.amazonaws.com/ItemRelatedFiles/10038/PLATINUM%20SPOT%2015R%20PRO%20-%20User%20Manual%20Ver.1.pdf""}]",""
"Elation","Proteus Hybrid","Hybrid","[{""name"":""Basic"",""channels"":24},{""name"":""Standard"",""channels"":26},{""name"":""Extended"",""channels"":37}]",38.0,465,650,571,23000,"lm","","",750,"","","DMX 5-pin","","","","[{""type"":""datasheet"",""ref"":""https://www.elationlighting.com/proteus-hybrid""},{""type"":""manual"",""ref"":""https://d295jznhem2tn9.cloudfront.net/ItemRelatedFiles/10677/ELATION%20PROTEUS%20HYBRID%20-%20PROTEUS%20HYBRID%20WMG%20-%20USER%20MANUAL.pdf""}]",""
"Elation","SIXPAR 100IP","Wash","[{""name"":""6-channel"",""channels"":6},{""name"":""7-channel"",""channels"":7},{""name"":""8-channel"",""channels"":8},{""name"":""12-channel"",""channels"":12}]",4.3,257,243,158,"","","","",89,"","","DMX 3-pin","","","","[{""type"":""datasheet"",""ref"":""https://www.elationlighting.com/sixpar-100ip""},{""type"":""manual"",""ref"":""https://d295jznhem2tn9.cloudfront.net/ItemRelatedFiles/9890/Elation%20Sixpar%20100%20IP%20%20100WMG%20-%20User%20Manual.pdf""}]",""
"Elation","SIXPAR 100","Wash","[{""name"":""6-channel"",""channels"":6},{""name"":""7-channel"",""channels"":7},{""name"":""8-channel"",""channels"":8},{""name"":""12-channel"",""channels"":12}]",3.3,257,243,125,"","","","",89,"","","DMX 3-pin; DMX 5-pin","","","","[{""type"":""datasheet"",""ref"":""https://www.elationlighting.com/sixpar-100""},{""type"":""manual"",""ref"":""https://d295jznhem2tn9.cloudfront.net/ItemRelatedFiles/9887/Elation%20Sixpar%20100%20-%20User%20Manual%202022-02-21.pdf""}]",""
"Elation","SIXPAR 200 IP","Wash","[{""name"":""6-channel"",""channels"":6},{""name"":""7-channel"",""channels"":7},{""name"":""8-channel"",""channels"":8},{""name"":""12-channel"",""channels"":12}]",5.7,313,300,157,"","","","",150,"","","DMX 3-pin","","","","[{""type"":""datasheet"",""ref"":""https://www.elationlighting.com/sixpar-200ip""},{""type"":""manual"",""ref"":""https://d295jznhem2tn9.cloudfront.net/ItemRelatedFiles/9889/ELATION%20SIXPAR%20200IP%20&%20WMG%20-%20USER%20MANUAL.pdf""}]",""
"Elation","SIXPAR 200 WMG","Wash","[{""name"":""6-channel"",""channels"":6},{""name"":""7-channel"",""channels"":7},{""name"":""8-channel"",""channels"":8},{""name"":""12-channel"",""channels"":12}]",5.7,313,300,157,"","","","",150,"","","DMX 3-pin","","","","[{""type"":""datasheet"",""ref"":""https://www.elationlighting.com/sixpar-200wmg""},{""type"":""manual"",""ref"":""https://cdb.s3.amazonaws.com/ItemRelatedFiles/11387/ELATION%20SIXPAR%20SERIES%20-%20DMX%20TRAITS.pdf""}]",""
"Elation","SIXPAR 200","Wash","[{""name"":""6-channel"",""channels"":6},{""name"":""7-channel"",""channels"":7},{""name"":""8-channel"",""channels"":8},{""name"":""12-channel"",""channels"":12}]",4.9,313,300,125,"","","","",150,"","","DMX 3-pin; DMX 5-pin","","","","[{""type"":""datasheet"",""ref"":""https://www.elationlighting.com/sixpar-200""},{""type"":""manual"",""ref"":""https://d295jznhem2tn9.cloudfront.net/ItemRelatedFiles/9852/Elation%20Sixpar%20200%20-%20User%20Manual%202022-02-21.pdf""}]",""
"Elation","SIXPAR 300 IP","Wash","[{""name"":""6-channel"",""channels"":6},{""name"":""7-channel"",""channels"":7},{""name"":""8-channel"",""channels"":8},{""name"":""12-channel"",""channels"":12}]",9.5,365,365,157,"","","","",220,"","","DMX 3-pin","","","","[{""type"":""datasheet"",""ref"":""https://www.elationlighting.com/sixpar-300ip""},{""type"":""manual"",""ref"":""https://d295jznhem2tn9.cloudfront.net/ItemRelatedFiles/9888/ELATION%20SIXPAR%20300IP%20&%20WMG%20-%20USER%20MANUAL.pdf""}]",""
"JB-Lighting","JBLED A7","Wash","[{""name"":""Standard 8bit"",""channels"":16},{""name"":""Standard 16bit"",""channels"":19},{""name"":""Compressed 8bit"",""channels"":12},{""name"":""Compressed 16bit"",""channels"":15}]",8.9,315,388,200,"","","","",350,"","","DMX 3-pin; DMX 5-pin","","","","[{""type"":""datasheet"",""ref"":""""},{""type"":""manual"",""ref"":""https://www.jb-lighting.de/download/Handbuch/JBLED_A7_Manual.pdf""}]",""
"JB-Lighting","Varyscan P7","Wash","[{""name"":""1st"",""channels"":26},{""name"":""2nd"",""channels"":31},{""name"":""3rd"",""channels"":24}]",17,380,580,264,11020,"lm","","",380,"","","DMX 3-pin; DMX 5-pin","","","","[{""type"":""datasheet"",""ref"":""""},{""type"":""manual"",""ref"":""https://www.jb-lighting.de/download/Handbuch/Varyscan_P7_Manual.pdf""}]",""
"Solaris","SMART 36","Wash","[{""name"":""6-channel"",""channels"":6}]",3,118,237,230,"","","","",150,"","","DMX 3-pin","","","","[{""type"":""datasheet"",""ref"":""""},{""type"":""manual"",""ref"":""""}]",""
"Showline","SL NITRO 510C","Strobe","[{""name"":""RGBW Full 1-zone"",""channels"":8},{""name"":""RGBW Full 2-zone"",""channels"":8},{""name"":""RGBW Full 3-zone"",""channels"":8},{""name"":""RGBW Full 6-zone"",""channels"":8},{""name"":""RGBW Expanded 1-zone"",""channels"":8},{""name"":""RGBW Expanded 2-zone"",""channels"":8},{""name"":""RGBW Expanded 3-zone"",""channels"":8},{""name"":""RGBW Expanded 6-zone"",""channels"":8},{""name"":""RGBW 16-Bit 1-zone"",""channels"":8},{""name"":""RGBW 16-Bit 2-zone"",""channels"":8},{""name"":""RGBW 16-Bit 3-zone"",""channels"":8},{""name"":""RGBW 16-Bit 6-zone"",""channels"":8},{""name"":""RGBW 8-Bit 1-zone"",""channels"":6},{""name"":""RGBW 8-Bit 2-zone"",""channels"":6},{""name"":""RGBW 8-Bit 3-zone"",""channels"":6},{""name"":""RGBW 8-Bit 6-zone"",""channels"":6},{""name"":""6-channel"",""channels"":6},{""name"":""Mapping 16-Bit"",""channels"":1}]",8,390,103,263,"","","","",360,"","","DMX 5-pin","","","","[{""type"":""datasheet"",""ref"":""https://www.vari-lite.com/global/products/sl-nitro-510c""},{""type"":""manual"",""ref"":""https://www.vari-lite.com/b-dam/vari-lite/products/sl-nitro-510c/guides-and-manuals/Selecon_SL_NITRO_510C_UserManual.pdf""}]",""
